,full_r2_adj,neural_r2_adj,attribute_r2_adj
first,0.7558654175061853,0.7531982795835057,0.5482161463259586
replication,0.7821821654468099,0.5411395139333757,0.5482161463259586
